<keymap version="1" name="code custom mac" parent="VSCode OSX">
  <action id=":cursive.actions.paredit/backward">
    <keyboard-shortcut first-keystroke="alt left" />
  </action>
  <action id=":cursive.actions.paredit/forward">
    <keyboard-shortcut first-keystroke="alt right" />
  </action>
  <action id=":cursive.repl.actions/run-top-sexp">
    <keyboard-shortcut first-keystroke="alt enter" />
  </action>
  <action id=":cursive.testing.actions/run-ns-tests">
    <keyboard-shortcut first-keystroke="shift ctrl t" />
  </action>
  <action id=":cursive.testing.actions/run-single-test">
    <keyboard-shortcut first-keystroke="ctrl t" />
  </action>
  <action id="ActivateProjectToolWindow">
    <keyboard-shortcut first-keystroke="shift meta e" />
    <keyboard-shortcut first-keystroke="meta 1" />
  </action>
  <action id="ActivateTerminalToolWindow">
    <keyboard-shortcut first-keystroke="ctrl back_quote" />
    <keyboard-shortcut first-keystroke="meta j" />
  </action>
  <action id="EditorSelectWord">
    <keyboard-shortcut first-keystroke="shift ctrl meta right" />
    <keyboard-shortcut first-keystroke="ctrl alt right" />
  </action>
  <action id="EditorTextEnd">
    <keyboard-shortcut first-keystroke="end" />
  </action>
  <action id="EditorTextStart">
    <keyboard-shortcut first-keystroke="home" />
  </action>
  <action id="EditorTranspose" />
  <action id="EditorUnSelectWord">
    <keyboard-shortcut first-keystroke="shift ctrl meta left" />
    <keyboard-shortcut first-keystroke="ctrl alt left" />
  </action>
  <action id="EmmetNextEditPoint" />
  <action id="FindNext">
    <keyboard-shortcut first-keystroke="f3" />
  </action>
  <action id="GotoDeclaration">
    <keyboard-shortcut first-keystroke="f12" />
    <mouse-shortcut keystroke="meta button1" />
    <mouse-shortcut keystroke="button2" />
    <mouse-shortcut keystroke="Force touch" />
    <keyboard-shortcut first-keystroke="meta g" />
  </action>
  <action id="GotoTest">
    <keyboard-shortcut first-keystroke="alt t" />
  </action>
  <action id="List-selectFirstRow" />
  <action id="MethodDown">
    <keyboard-shortcut first-keystroke="meta down" />
  </action>
  <action id="MethodUp">
    <keyboard-shortcut first-keystroke="ctrl up" />
    <keyboard-shortcut first-keystroke="meta up" />
  </action>
  <action id="ProblemsView.QuickFixes">
    <keyboard-shortcut first-keystroke="meta period" />
  </action>
  <action id="RecentFiles">
    <keyboard-shortcut first-keystroke="ctrl r" />
    <keyboard-shortcut first-keystroke="meta e" />
  </action>
  <action id="ReopenClosedTab" />
  <action id="ResizeToolWindowLeft">
    <keyboard-shortcut first-keystroke="shift meta alt left" />
  </action>
  <action id="ResizeToolWindowRight">
    <keyboard-shortcut first-keystroke="shift meta alt right" />
  </action>
  <action id="ResourceBundleEditorShowIntentions">
    <keyboard-shortcut first-keystroke="meta period" />
  </action>
  <action id="RunClass">
    <keyboard-shortcut first-keystroke="ctrl meta t" />
  </action>
  <action id="ServiceView.GroupByContributor" />
  <action id="ShowIntentionActions">
    <keyboard-shortcut first-keystroke="meta period" />
  </action>
  <action id="SwitcherIterateItems" />
  <action id="SwitcherRecentEditedChangedToggleCheckBox" />
  <action id="UsageGrouping.UsageType" />
  <action id="Vcs.ShowMessageHistory">
    <keyboard-shortcut first-keystroke="ctrl m" />
  </action>
  <action id="newConfigurationRunClass">
    <keyboard-shortcut first-keystroke="ctrl meta t" />
  </action>
</keymap>